{
  "precision_at_k": {
    "P@1": 1.0,
    "P@3": 0.8766666666666666,
    "P@5": 0.8439999999999998,
    "P@10": 0.7980000000000002
  },
  "mean_average_precision": 0.8796666666666666,
  "num_queries": 100,
  "k_values": [
    1,
    3,
    5,
    10
  ],
  "timestamp": "2026-02-19T01:18:26.176201"
}