{
  "accuracy": 0.842948717948718,
  "precision": 0.8029045643153527,
  "recall": 0.9923076923076923,
  "f1_score": 0.8876146788990825,
  "true_positives": 387,
  "true_negatives": 139,
  "false_positives": 95,
  "false_negatives": 3,
  "sensitivity": 0.9923076923076923,
  "specificity": 0.594017094017094,
  "fpr": 0.405982905982906,
  "fnr": 0.007692307692307693,
  "ppv": 0.8029045643153527,
  "npv": 0.9788732394366197,
  "cohen_kappa": 0.6363636363636364,
  "matthews_corrcoef": 0.6770344922811067,
  "roc_auc": 0.9618233618233618,
  "positive_lr": 2.4442105263157896,
  "negative_lr": 0.012949640287769739,
  "youden_index": 0.5863247863247865
}