{
  "timestamp": "2026-02-19T01:14:49.272955",
  "config": {
    "model_path": "models/saved/best_model_custom.pth",
    "model_name": "custom",
    "batch_size": 64,
    "augment": false,
    "random_seed": 42,
    "device": "cpu",
    "num_workers": 0,
    "pin_memory": false,
    "num_failure_cases": 8,
    "confidence_threshold": 0.5,
    "output_dir": "reports/task1",
    "figures_dir": "reports\\task1\\figures"
  },
  "metrics": {
    "accuracy": 0.8653846153846154,
    "balanced_accuracy": 0.8222222222222222,
    "cohen_kappa": 0.691743119266055,
    "precision": 0.825531914893617,
    "recall": 0.9948717948717949,
    "f1_score": 0.9023255813953488,
    "classification_report": {
      "Normal": {
        "precision": 0.987012987012987,
        "recall": 0.6495726495726496,
        "f1-score": 0.7835051546391752,
        "support": 234.0
      },
      "Pneumonia": {
        "precision": 0.825531914893617,
        "recall": 0.9948717948717949,
        "f1-score": 0.9023255813953488,
        "support": 390.0
      },
      "accuracy": 0.8653846153846154,
      "macro avg": {
        "precision": 0.906272450953302,
        "recall": 0.8222222222222222,
        "f1-score": 0.8429153680172621,
        "support": 624.0
      },
      "weighted avg": {
        "precision": 0.8860873169383806,
        "recall": 0.8653846153846154,
        "f1-score": 0.8577679213617838,
        "support": 624.0
      }
    },
    "auc": 0.9631930747315363,
    "roc_curve": {
      "fpr": [
        0.0,
        0.0,
        0.0,
        0.0,
        0.0,
        0.0,
        0.0,
        0.0,
        0.0,
        0.0,
        0.0,
        0.0,
        0.0,
        0.0,
        0.0,
        0.0,
        0.0,
        0.0,
        0.0,
        0.0,
        0.004273504273504274,
        0.004273504273504274,
        0.004273504273504274,
        0.004273504273504274,
        0.008547008547008548,
        0.008547008547008548,
        0.01282051282051282,
        0.01282051282051282,
        0.017094017094017096,
        0.017094017094017096,
        0.021367521367521368,
        0.021367521367521368,
        0.021367521367521368,
        0.021367521367521368,
        0.02564102564102564,
        0.02564102564102564,
        0.029914529914529916,
        0.029914529914529916,
        0.03418803418803419,
        0.03418803418803419,
        0.042735042735042736,
        0.042735042735042736,
        0.04700854700854701,
        0.04700854700854701,
        0.05128205128205128,
        0.05128205128205128,
        0.05555555555555555,
        0.05555555555555555,
        0.05982905982905983,
        0.05982905982905983,
        0.0641025641025641,
        0.0641025641025641,
        0.06837606837606838,
        0.06837606837606838,
        0.07264957264957266,
        0.07264957264957266,
        0.07692307692307693,
        0.07692307692307693,
        0.0811965811965812,
        0.0811965811965812,
        0.08547008547008547,
        0.08547008547008547,
        0.08974358974358974,
        0.08974358974358974,
        0.09401709401709402,
        0.09401709401709402,
        0.09829059829059829,
        0.09829059829059829,
        0.10256410256410256,
        0.10256410256410256,
        0.10683760683760683,
        0.10683760683760683,
        0.1111111111111111,
        0.1111111111111111,
        0.11538461538461539,
        0.11538461538461539,
        0.12393162393162394,
        0.12393162393162394,
        0.13247863247863248,
        0.13247863247863248,
        0.13675213675213677,
        0.13675213675213677,
        0.1581196581196581,
        0.1581196581196581,
        0.1623931623931624,
        0.1623931623931624,
        0.1752136752136752,
        0.1752136752136752,
        0.19230769230769232,
        0.19230769230769232,
        0.20512820512820512,
        0.20512820512820512,
        0.21367521367521367,
        0.21367521367521367,
        0.21794871794871795,
        0.21794871794871795,
        0.2222222222222222,
        0.2222222222222222,
        0.23504273504273504,
        0.23504273504273504,
        0.23931623931623933,
        0.23931623931623933,
        0.25213675213675213,
        0.25213675213675213,
        0.3418803418803419,
        0.3418803418803419,
        0.405982905982906,
        0.405982905982906,
        0.5897435897435898,
        0.5897435897435898,
        1.0
      ],
      "tpr": [
        0.0,
        0.002564102564102564,
        0.007692307692307693,
        0.01282051282051282,
        0.023076923076923078,
        0.05384615384615385,
        0.05897435897435897,
        0.06666666666666667,
        0.07179487179487179,
        0.11794871794871795,
        0.12307692307692308,
        0.16666666666666666,
        0.1717948717948718,
        0.19230769230769232,
        0.19743589743589743,
        0.21794871794871795,
        0.2230769230769231,
        0.2282051282051282,
        0.23333333333333334,
        0.2948717948717949,
        0.2948717948717949,
        0.3717948717948718,
        0.3769230769230769,
        0.38974358974358975,
        0.38974358974358975,
        0.43333333333333335,
        0.43333333333333335,
        0.4666666666666667,
        0.4666666666666667,
        0.5512820512820513,
        0.5512820512820513,
        0.5974358974358974,
        0.6025641025641025,
        0.6692307692307692,
        0.6692307692307692,
        0.6717948717948717,
        0.6717948717948717,
        0.6974358974358974,
        0.6974358974358974,
        0.7128205128205128,
        0.7128205128205128,
        0.735897435897436,
        0.735897435897436,
        0.7410256410256411,
        0.7410256410256411,
        0.7538461538461538,
        0.7538461538461538,
        0.7666666666666667,
        0.7666666666666667,
        0.7717948717948718,
        0.7717948717948718,
        0.7743589743589744,
        0.7743589743589744,
        0.8358974358974359,
        0.8358974358974359,
        0.8589743589743589,
        0.8589743589743589,
        0.8692307692307693,
        0.8692307692307693,
        0.8897435897435897,
        0.8897435897435897,
        0.8923076923076924,
        0.8923076923076924,
        0.8948717948717949,
        0.8948717948717949,
        0.9076923076923077,
        0.9076923076923077,
        0.9128205128205128,
        0.9128205128205128,
        0.9153846153846154,
        0.9153846153846154,
        0.9179487179487179,
        0.9179487179487179,
        0.9307692307692308,
        0.9307692307692308,
        0.9333333333333333,
        0.9333333333333333,
        0.941025641025641,
        0.941025641025641,
        0.9487179487179487,
        0.9487179487179487,
        0.9512820512820512,
        0.9512820512820512,
        0.9564102564102565,
        0.9564102564102565,
        0.9615384615384616,
        0.9615384615384616,
        0.9641025641025641,
        0.9641025641025641,
        0.9666666666666667,
        0.9666666666666667,
        0.9717948717948718,
        0.9717948717948718,
        0.9743589743589743,
        0.9743589743589743,
        0.9769230769230769,
        0.9769230769230769,
        0.9794871794871794,
        0.9794871794871794,
        0.982051282051282,
        0.982051282051282,
        0.9846153846153847,
        0.9846153846153847,
        0.9897435897435898,
        0.9897435897435898,
        0.9948717948717949,
        0.9948717948717949,
        0.9974358974358974,
        0.9974358974358974,
        1.0,
        1.0
      ]
    },
    "confusion_matrix": [
      [
        152,
        82
      ],
      [
        2,
        388
      ]
    ],
    "confusion_matrix_percent": [
      [
        0.6495726495726496,
        0.3504273504273504
      ],
      [
        0.005128205128205128,
        0.9948717948717949
      ]
    ],
    "true_positives": 388,
    "true_negatives": 152,
    "false_positives": 82,
    "false_negatives": 2,
    "tpr": 0.9948717948717949,
    "tnr": 0.6495726495726496,
    "fpr": 0.3504273504273504,