accuracy,balanced_accuracy,precision,recall,f1_score,auc,cohen_kappa,true_positives,true_negatives,false_positives,false_negatives,fpr,fnr,num_misclassified
0.8846153846153846,0.8769230769230769,0.9076923076923077,0.9076923076923077,0.9076923076923077,0.9453977646285339,0.7538461538461538,354,198,36,36,0.15384615384615385,0.09230769230769231,72
