{
  "train_loss": [
    0.3281817858091603,
    0.26391422902628525,
    0.20844003096917424
  ],
  "train_acc": [
    87.72302463891249,
    90.97281223449448,
    92.3534409515718
  ],
  "val_loss": [
    0.27389724078503525,
    0.2321007065474987,
    0.5353774426109863
  ],
  "val_acc": [
    83.58778625954199,
    89.31297709923665,
    72.70992366412214
  ],
  "learning_rates": [
    0.001,
    0.001,
    0.001
  ],
  "epoch_times": [
    407.38978338241577,
    374.1601550579071,
    94.26203083992004
  ]
}