{
  "train_loss": [
    0.28280284026688013,
    0.20676479311156515,
    0.1944062330483182,
    0.18357791970609813,
    0.18041870607113517,
    0.1607432295190724,
    0.15659215060893344,
    0.15566022024880088,
    0.1444036015498175,
    0.15581829723197263,
    0.15237463488419717,
    0.1447305883079566,
    0.14241819324072552,
    0.13777717608153014,
    0.1300425083766616,
    0.1279527348705341,
    0.13302397325232224,
    0.13296288589795902,
    0.12566326708356673,
    0.12400579850214559,
    0.12327013972114671,
    0.11421184066204808,
    0.10767749034031923,
    0.11580019495198252,
    0.1052282195525697,
    0.10432103278140563,
    0.10882447496673243,
    0.10530673159361892,
    0.10235399937389318,
    0.11064863385871758,
    0.10478736312959243,
    0.10481786040110967,
    0.10084546267092731,
    0.0934171640657115
  ],
  "train_acc": [
    87.82922684791843,
    92.31096006796942,
    93.22429906542057,
    93.16057774001699,
    93.37298215802889,
    94.28632115548004,
    94.1376380628717,
    94.09515717926934,
    94.51996601529312,
    94.20135938827528,
    94.68988954970263,
    94.30756159728122,
    95.09345794392523,
    95.05097706032285,
    94.85981308411215,
    95.11469838572643,
    95.7731520815633,
    94.83857264231096,
    95.28462192013593,
    95.90059473237044,
    95.94307561597282,
    95.81563296516568,
    96.13423959218352,
    96.24044180118946,
    96.30416312659304,
    96.3678844519966,
    96.11299915038232,
    96.21920135938828,
    96.19796091758708,
    96.04927782497876,
    96.1767204757859,
    95.964316057774,
    96.38912489379778,
    96.66525063721325
  ],
  "val_loss": [
    0.23300372590036952,
    0.1642073495861362,
    0.15668880545041142,
    0.14026402660152493,
    0.21631428029607325,
    0.12012269106857917,
    0.12406865156748716,
    0.19351466438349554,
    0.12750481091001453,
    0.19178623289746397,
    0.3066103914204766,
    0.10708516332156517,
    0.09769829614635776,
    0.10178814992746886,
    0.16812945617472425,
    0.19268367570989273,
    0.28246353522819634,
    0.17990214728257237,
    0.18701961570802858,
    0.1256435447755982,
    0.09964631503338323,
    0.12824665744076758,
    0.08088458148653016,
    0.086310798959697,
    0.20123066961327019,
    0.1276717480710324,
    0.3060661918100189,
    0.11964906467234387,
    0.07959774183109403,
    0.10264075163970976,
    0.08001847948659868,
    0.18388218301184037,
    0.11789469881092801,
    0.12777946056688533
  ],
  "val_acc": [
    87.97709923664122,
    94.65648854961832,
    91.98473282442748,
    93.12977099236642,
    94.08396946564885,
    94.27480916030534,
    94.8473282442748,
    90.83969465648855,
    95.80152671755725,
    88.93129770992367,
    82.44274809160305,
    96.56488549618321,
    95.80152671755725,
    95.99236641221374,
    91.6030534351145,
    90.64885496183206,
    85.68702290076335,
    89.69465648854961,
    89.31297709923665,
    93.70229007633588,
    97.13740458015268,
    94.08396946564885,
    97.13740458015268,
    97.90076335877863,
    90.83969465648855,
    93.89312977099236,
    83.58778625954199,
    93.89312977099236,
    96.18320610687023,
    94.65648854961832,
    96.7557251908397,
    89.69465648854961,
    94.08396946564885,
    93.5114503816794
  ],
  "learning_rates": [
    0.001,
    0.001,
    0.001,
    0.001,
    0.001,
    0.001,
    0.001,
    0.001,
    0.001,
    0.001,
    0.001,
    0.001,
    0.001,
    0.001,
    0.001,
    0.001,
    0.001,
    0.001,
    0.0005,
    0.0005,
    0.0005,
    0.0005,
    0.0005,
    0.0005,
    0.0005,
    0.0005,
    0.0005,
    0.0005,
    0.0005,
    0.0005,
    0.0005,
    0.0005,
    0.0005,
    0.0005
  ],
  "epoch_times": [
    5.366997480392456,
    5.745290040969849,
    5.985151767730713,
    6.269392013549805,
    5.699459552764893,
    5.592303037643433,
    5.460209846496582,
    5.6208295822143555,
    5.733219861984253,
    5.778629302978516,
    5.951447010040283,
    6.415393114089966,
    6.221182107925415,
    5.245598554611206,
    5.002079486846924,
    5.0680015087127686,
    5.099506616592407,
    5.070960998535156,
    5.273277997970581,
    5.366383790969849,
    4.766127347946167,
    5.02124547958374,
    5.525505065917969,
    5.6392152309417725,
    5.17807936668396,
    5.3906824588775635,
    4.603027582168579,
    4.927081346511841,
    4.863638162612915,
    5.317601442337036,
    5.338738441467285,
    5.242793798446655,
    5.38187313079834,
    5.4286582469940186
  ]
}