{
  "timestamp": "2026-02-17T15:06:58.770172",
  "config": {
    "model_path": "C:\\Users\\HP\\Desktop\\Alfsaisal University\\7_day_challenge\\models\\saved\\best_model_vit-tiny.pth",
    "model_name": "vit-tiny",
    "batch_size": 64,
    "augment": false,
    "random_seed": 42,
    "device": "cpu",
    "num_workers": 0,
    "pin_memory": false,
    "num_failure_cases": 8,
    "confidence_threshold": 0.5,
    "output_dir": "reports/task1",
    "figures_dir": "reports\\task1\\figures"
  },
  "metrics": {
    "accuracy": 0.8509615384615384,
    "balanced_accuracy": 0.8123931623931624,
    "cohen_kappa": 0.6627379873073436,
    "precision": 0.824945295404814,
    "recall": 0.9666666666666667,
    "f1_score": 0.8902007083825265,
    "classification_report": {
      "Normal": {
        "precision": 0.9221556886227545,
        "recall": 0.6581196581196581,
        "f1-score": 0.7680798004987531,
        "support": 234.0
      },
      "Pneumonia": {
        "precision": 0.824945295404814,
        "recall": 0.9666666666666667,
        "f1-score": 0.8902007083825265,
        "support": 390.0
      },
      "accuracy": 0.8509615384615384,
      "macro avg": {
        "precision": 0.8735504920137842,
        "recall": 0.8123931623931624,
        "f1-score": 0.8291402544406399,
        "support": 624.0
      },
      "weighted avg": {
        "precision": 0.8613991928615417,
        "recall": 0.8509615384615384,
        "f1-score": 0.8444053679261114,
        "support": 624.0
      }
    },
    "auc": 0.9222550953320184,
    "roc_curve": {
      "fpr": [
        0.0,
        0.0,
        0.0,
        0.004273504273504274,
        0.004273504273504274,
        0.008547008547008548,
        0.008547008547008548,
        0.008547008547008548,
        0.017094017094017096,
        0.017094017094017096,
        0.021367521367521368,
        0.021367521367521368,
        0.02564102564102564,
        0.02564102564102564,
        0.029914529914529916,
        0.029914529914529916,
        0.029914529914529916,
        0.029914529914529916,
        0.03418803418803419,
        0.03418803418803419,
        0.038461538461538464,
        0.038461538461538464,
        0.038461538461538464,
        0.038461538461538464,
        0.042735042735042736,
        0.042735042735042736,
        0.04700854700854701,
        0.04700854700854701,
        0.05555555555555555,
        0.05555555555555555,
        0.05555555555555555,
        0.05555555555555555,
        0.05982905982905983,
        0.05982905982905983,
        0.0641025641025641,
        0.0641025641025641,
        0.06837606837606838,
        0.06837606837606838,
        0.07264957264957266,
        0.07264957264957266,
        0.07692307692307693,
        0.07692307692307693,
        0.07692307692307693,
        0.07692307692307693,
        0.0811965811965812,
        0.0811965811965812,
        0.08547008547008547,
        0.08547008547008547,
        0.08974358974358974,
        0.08974358974358974,
        0.09401709401709402,
        0.09401709401709402,
        0.09829059829059829,
        0.09829059829059829,
        0.10256410256410256,
        0.10256410256410256,
        0.10683760683760683,
        0.10683760683760683,
        0.1111111111111111,
        0.1111111111111111,
        0.11965811965811966,
        0.11965811965811966,
        0.12393162393162394,
        0.12393162393162394,
        0.1282051282051282,
        0.1282051282051282,
        0.13247863247863248,
        0.13247863247863248,
        0.13675213675213677,
        0.13675213675213677,
        0.1452991452991453,
        0.1452991452991453,
        0.14957264957264957,
        0.14957264957264957,
        0.1623931623931624,
        0.1623931623931624,
        0.16666666666666666,
        0.16666666666666666,
        0.17094017094017094,
        0.17094017094017094,
        0.18376068376068377,
        0.18376068376068377,
        0.18803418803418803,
        0.18803418803418803,
        0.20512820512820512,
        0.20512820512820512,
        0.2094017094017094,
        0.2094017094017094,
        0.2222222222222222,
        0.2222222222222222,
        0.23504273504273504,
        0.23504273504273504,
        0.24358974358974358,
        0.24358974358974358,
        0.28205128205128205,
        0.28205128205128205,
        0.29914529914529914,
        0.29914529914529914,
        0.3034188034188034,
        0.3034188034188034,
        0.3076923076923077,
        0.3076923076923077,
        0.32051282051282054,
        0.32051282051282054,
        0.3418803418803419,
        0.3418803418803419,
        0.3504273504273504,
        0.3504273504273504,
        0.3803418803418803,
        0.3803418803418803,
        0.4230769230769231,
        0.4230769230769231,
        0.47435897435897434,
        0.47435897435897434,
        0.5427350427350427,
        0.5427350427350427,
        0.5470085470085471,
        0.5470085470085471,
        0.6410256410256411,
        0.6410256410256411,
        0.6623931623931624,
        0.6623931623931624,
        0.7008547008547008,
        0.7008547008547008,
        0.7051282051282052,
        0.7051282051282052,
        0.7094017094017094,
        0.7094017094017094,
        0.7777777777777778,
        0.7777777777777778,
        1.0
      ],