{
  "train_loss": [
    0.403916842757246,
    0.24893070563573289,
    0.21466485676481514
  ],
  "train_acc": [
    79.48173322005098,
    90.67544604927782,
    92.07731520815634
  ],
  "val_loss": [
    0.31504085265538273,
    0.22917609968606165,
    0.20008198336205063
  ],
  "val_acc": [
    92.74809160305344,
    94.65648854961832,
    93.89312977099236
  ],
  "learning_rates": [
    0.001,
    0.001,
    0.001
  ],
  "epoch_times": [
    12.402157306671143,
    12.429776191711426,
    12.482311964035034
  ]
}